{"cameraMode":{"drawMode":0,"name":"Shaded","section":"Shading Mode"},"sceneLighting":false,"audioPlay":false,"sceneViewState":{"m_AlwaysRefresh":false,"showFog":true,"showSkybox":true,"showFlares":true,"showImageEffects":true,"showParticleSystems":true,"showVisualEffectGraphs":true,"m_FxEnabled":true},"in2DMode":false,"pivot":{"x":355.3195495605469,"y":119.10169219970703,"z":-128.76817321777345},"rotation":{"x":0.19403477013111115,"y":0.2066648155450821,"z":-0.041822779923677447,"w":0.9581084251403809},"size":215.4440155029297,"orthographic":false}